نام دامنه,پسوند (TLD),وضعیت,قیمت ثبت ۱ ساله در ایران‌سرور (تومان),قیمت تمدید سال‌های بعد در ایران‌سرور (تومان),نوع تعرفه تمدید,توضیحات وضعیت
bartan.com,.com,ثبت‌شده (غیرقابل ثبت),"3,015,000","3,015,000",مشابه نرخ ثبت (فاقد تخفیف سال اول),Active NS: ns-1178.awsdns-19.org.
bartan.design,.design,ثبت‌شده (غیرقابل ثبت),"16,330,000","16,330,000",مشابه نرخ ثبت (فاقد تخفیف سال اول),Active NS: ns76.domaincontrol.com.
bartan.ir,.ir,ثبت‌شده (غیرقابل ثبت),"99,000","99,000",مشابه نرخ ثبت (فاقد تخفیف سال اول),ثبت شده در ایرنیک (IRNIC)
bartan.net,.net,ثبت‌شده (غیرقابل ثبت),"4,163,000","4,163,000",مشابه نرخ ثبت (فاقد تخفیف سال اول),Active NS: dns3.name-services.com.
bartan.online,.online,ثبت‌شده (غیرقابل ثبت),"1,388,000","10,379,000",نرخ تمدید پس از تخفیف سال اول,Active NS: ns22.domaincontrol.com.
bartan.org,.org,ثبت‌شده (غیرقابل ثبت),"3,699,000","3,699,000",مشابه نرخ ثبت (فاقد تخفیف سال اول),Active NS: dns1.registrar-servers.com.
bartan.shop,.shop,ثبت‌شده (غیرقابل ثبت),"706,000","11,008,000",نرخ تمدید پس از تخفیف سال اول,Active NS: rick.ns.cloudflare.com.
bartan.store,.store,ثبت‌شده (غیرقابل ثبت),"992,000","15,851,000",نرخ تمدید پس از تخفیف سال اول,Active NS: ns52.domaincontrol.com.
bartan.xyz,.xyz,ثبت‌شده (غیرقابل ثبت),"1,367,000","5,232,000",نرخ تمدید پس از تخفیف سال اول,Active NS: ns5.afternic.com.
bartan.ac,.ac,آزاد (قابل خرید),"11,004,000","16,228,000",نرخ تمدید پس از تخفیف سال اول,NXDOMAIN
bartan.ac.ir,.ac.ir,آزاد (قابل خرید),"99,000","99,000",مشابه نرخ ثبت (فاقد تخفیف سال اول),NXDOMAIN
bartan.academy,.academy,آزاد (قابل خرید),"4,956,000","13,073,000",نرخ تمدید پس از تخفیف سال اول,NXDOMAIN
bartan.accountant,.accountant,آزاد (قابل خرید),"6,929,000","6,929,000",مشابه نرخ ثبت (فاقد تخفیف سال اول),NXDOMAIN
bartan.accountants,.accountants,آزاد (قابل خرید),"9,912,000","33,337,000",نرخ تمدید پس از تخفیف سال اول,NXDOMAIN
bartan.actor,.actor,آزاد (قابل خرید),"4,536,000","12,517,000",نرخ تمدید پس از تخفیف سال اول,NXDOMAIN
bartan.agency,.agency,آزاد (قابل خرید),"1,328,000","8,649,000",نرخ تمدید پس از تخفیف سال اول,NXDOMAIN
bartan.ai,.ai,آزاد (قابل خرید),"34,192,000","34,192,000",مشابه نرخ ثبت (فاقد تخفیف سال اول),NXDOMAIN
bartan.airforce,.airforce,آزاد (قابل خرید),"32,055,000","32,055,000",مشابه نرخ ثبت (فاقد تخفیف سال اول),NXDOMAIN
bartan.apartments,.apartments,آزاد (قابل خرید),"4,536,000","16,124,000",نرخ تمدید پس از تخفیف سال اول,NXDOMAIN
bartan.app,.app,آزاد (قابل خرید),"7,294,000","7,294,000",مشابه نرخ ثبت (فاقد تخفیف سال اول),NXDOMAIN
bartan.archi,.archi,آزاد (قابل خرید),"5,628,000","29,123,000",نرخ تمدید پس از تخفیف سال اول,NXDOMAIN
bartan.army,.army,آزاد (قابل خرید),"4,536,000","12,738,000",نرخ تمدید پس از تخفیف سال اول,NXDOMAIN
bartan.art,.art,آزاد (قابل خرید),"1,328,000","7,339,000",نرخ تمدید پس از تخفیف سال اول,NXDOMAIN
bartan.asia,.asia,آزاد (قابل خرید),"3,992,000","3,992,000",مشابه نرخ ثبت (فاقد تخفیف سال اول),NXDOMAIN
bartan.associates,.associates,آزاد (قابل خرید),"4,956,000","10,997,000",نرخ تمدید پس از تخفیف سال اول,NXDOMAIN
bartan.attorney,.attorney,آزاد (قابل خرید),"18,538,000","18,538,000",مشابه نرخ ثبت (فاقد تخفیف سال اول),NXDOMAIN
bartan.auction,.auction,آزاد (قابل خرید),"1,160,000","10,463,000",نرخ تمدید پس از تخفیف سال اول,NXDOMAIN
bartan.audio,.audio,آزاد (قابل خرید),"36,087,000","36,087,000",مشابه نرخ ثبت (فاقد تخفیف سال اول),NXDOMAIN
bartan.auto,.auto,آزاد (قابل خرید),"693,504,000","693,504,000",مشابه نرخ ثبت (فاقد تخفیف سال اول),NXDOMAIN
bartan.autos,.autos,آزاد (قابل خرید),"669,000","5,232,000",نرخ تمدید پس از تخفیف سال اول,NXDOMAIN
bartan.baby,.baby,آزاد (قابل خرید),"6,717,000","19,919,000",نرخ تمدید پس از تخفیف سال اول,NXDOMAIN
bartan.band,.band,آزاد (قابل خرید),"6,704,000","8,754,000",نرخ تمدید پس از تخفیف سال اول,NXDOMAIN
bartan.bargains,.bargains,آزاد (قابل خرید),"4,956,000","8,439,000",نرخ تمدید پس از تخفیف سال اول,NXDOMAIN
bartan.bayern,.bayern,آزاد (قابل خرید),"10,517,000","10,517,000",مشابه نرخ ثبت (فاقد تخفیف سال اول),NXDOMAIN
bartan.beauty,.beauty,آزاد (قابل خرید),"669,000","5,232,000",نرخ تمدید پس از تخفیف سال اول,NXDOMAIN
bartan.beer,.beer,آزاد (قابل خرید),"9,072,000","9,072,000",مشابه نرخ ثبت (فاقد تخفیف سال اول),NXDOMAIN
bartan.berlin,.berlin,آزاد (قابل خرید),"17,294,000","17,294,000",مشابه نرخ ثبت (فاقد تخفیف سال اول),NXDOMAIN
bartan.best,.best,آزاد (قابل خرید),"6,660,000","6,660,000",مشابه نرخ ثبت (فاقد تخفیف سال اول),NXDOMAIN
bartan.bible,.bible,آزاد (قابل خرید),"14,546,000","14,546,000",مشابه نرخ ثبت (فاقد تخفیف سال اول),NXDOMAIN
bartan.bid,.bid,آزاد (قابل خرید),"2,000,000","2,289,000",نرخ تمدید پس از تخفیف سال اول,NXDOMAIN
bartan.bike,.bike,آزاد (قابل خرید),"3,344,000","11,165,000",نرخ تمدید پس از تخفیف سال اول,NXDOMAIN
bartan.bingo,.bingo,آزاد (قابل خرید),"3,344,000","15,054,000",نرخ تمدید پس از تخفیف سال اول,NXDOMAIN
bartan.bio,.bio,آزاد (قابل خرید),"2,268,000","20,652,000",نرخ تمدید پس از تخفیف سال اول,NXDOMAIN
bartan.biz,.biz,آزاد (قابل خرید),"6,532,000","6,532,000",مشابه نرخ ثبت (فاقد تخفیف سال اول),NXDOMAIN
bartan.black,.black,آزاد (قابل خرید),"6,704,000","18,765,000",نرخ تمدید پس از تخفیف سال اول,NXDOMAIN
bartan.blackfriday,.blackfriday,آزاد (قابل خرید),"36,087,000","36,087,000",مشابه نرخ ثبت (فاقد تخفیف سال اول),NXDOMAIN
bartan.blog,.blog,آزاد (قابل خرید),"1,664,000","7,213,000",نرخ تمدید پس از تخفیف سال اول,NXDOMAIN
bartan.blue,.blue,آزاد (قابل خرید),"5,292,000","7,077,000",نرخ تمدید پس از تخفیف سال اول,NXDOMAIN
bartan.boats,.boats,آزاد (قابل خرید),"669,000","5,232,000",نرخ تمدید پس از تخفیف سال اول,NXDOMAIN
bartan.bond,.bond,آزاد (قابل خرید),"924,000","5,819,000",نرخ تمدید پس از تخفیف سال اول,NXDOMAIN
bartan.boutique,.boutique,آزاد (قابل خرید),"992,000","9,341,000",نرخ تمدید پس از تخفیف سال اول,NXDOMAIN
bartan.build,.build,آزاد (قابل خرید),"9,576,000","9,576,000",مشابه نرخ ثبت (فاقد تخفیف سال اول),NXDOMAIN
bartan.builders,.builders,آزاد (قابل خرید),"1,832,000","10,096,000",نرخ تمدید پس از تخفیف سال اول,NXDOMAIN
bartan.business,.business,آزاد (قابل خرید),"992,000","5,546,000",نرخ تمدید پس از تخفیف سال اول,NXDOMAIN
bartan.buzz,.buzz,آزاد (قابل خرید),"992,000","9,750,000",نرخ تمدید پس از تخفیف سال اول,NXDOMAIN
bartan.cab,.cab,آزاد (قابل خرید),"5,292,000","9,089,000",نرخ تمدید پس از تخفیف سال اول,NXDOMAIN
bartan.cafe,.cafe,آزاد (قابل خرید),"1,832,000","14,666,000",نرخ تمدید پس از تخفیف سال اول,NXDOMAIN
bartan.cam,.cam,آزاد (قابل خرید),"756,000","5,578,000",نرخ تمدید پس از تخفیف سال اول,NXDOMAIN
bartan.camera,.camera,آزاد (قابل خرید),"4,956,000","16,669,000",نرخ تمدید پس از تخفیف سال اول,NXDOMAIN
bartan.camp,.camp,آزاد (قابل خرید),"2,672,000","17,717,000",نرخ تمدید پس از تخفیف سال اول,NXDOMAIN
bartan.capital,.capital,آزاد (قابل خرید),"2,268,000","20,118,000",نرخ تمدید پس از تخفیف سال اول,NXDOMAIN
bartan.car,.car,آزاد (قابل خرید),"693,504,000","693,504,000",مشابه نرخ ثبت (فاقد تخفیف سال اول),NXDOMAIN
bartan.cards,.cards,آزاد (قابل خرید),"992,000","11,165,000",نرخ تمدید پس از تخفیف سال اول,NXDOMAIN
bartan.care,.care,آزاد (قابل خرید),"4,956,000","12,874,000",نرخ تمدید پس از تخفیف سال اول,NXDOMAIN
bartan.careers,.careers,آزاد (قابل خرید),"6,704,000","20,327,000",نرخ تمدید پس از تخفیف سال اول,NXDOMAIN
bartan.cars,.cars,آزاد (قابل خرید),"693,504,000","693,504,000",مشابه نرخ ثبت (فاقد تخفیف سال اول),NXDOMAIN
bartan.casa,.casa,آزاد (قابل خرید),"3,831,000","3,831,000",مشابه نرخ ثبت (فاقد تخفیف سال اول),NXDOMAIN
bartan.cash,.cash,آزاد (قابل خرید),"4,016,000","11,165,000",نرخ تمدید پس از تخفیف سال اول,NXDOMAIN
bartan.catering,.catering,آزاد (قابل خرید),"10,736,000","10,736,000",مشابه نرخ ثبت (فاقد تخفیف سال اول),NXDOMAIN
bartan.cc,.cc,آزاد (قابل خرید),"2,776,000","2,776,000",مشابه نرخ ثبت (فاقد تخفیف سال اول),NXDOMAIN
bartan.center,.center,آزاد (قابل خرید),"1,328,000","9,215,000",نرخ تمدید پس از تخفیف سال اول,NXDOMAIN
bartan.ceo,.ceo,آزاد (قابل خرید),"3,357,000","39,837,000",نرخ تمدید پس از تخفیف سال اول,NXDOMAIN
bartan.charity,.charity,آزاد (قابل خرید),"5,024,000","8,565,000",نرخ تمدید پس از تخفیف سال اول,NXDOMAIN
bartan.chat,.chat,آزاد (قابل خرید),"2,268,000","13,115,000",نرخ تمدید پس از تخفیف سال اول,NXDOMAIN
bartan.cheap,.cheap,آزاد (قابل خرید),"2,268,000","10,400,000",نرخ تمدید پس از تخفیف سال اول,NXDOMAIN
bartan.christmas,.christmas,آزاد (قابل خرید),"10,826,000","10,826,000",مشابه نرخ ثبت (فاقد تخفیف سال اول),NXDOMAIN
bartan.church,.church,آزاد (قابل خرید),"2,672,000","16,386,000",نرخ تمدید پس از تخفیف سال اول,NXDOMAIN
bartan.city,.city,آزاد (قابل خرید),"1,832,000","8,125,000",نرخ تمدید پس از تخفیف سال اول,NXDOMAIN
bartan.claims,.claims,آزاد (قابل خرید),"4,536,000","18,346,000",نرخ تمدید پس از تخفیف سال اول,NXDOMAIN
bartan.cleaning,.cleaning,آزاد (قابل خرید),"19,583,000","19,583,000",مشابه نرخ ثبت (فاقد تخفیف سال اول),NXDOMAIN
bartan.click,.click,آزاد (قابل خرید),"910,000","3,753,000",نرخ تمدید پس از تخفیف سال اول,NXDOMAIN
bartan.clinic,.clinic,آزاد (قابل خرید),"4,536,000","18,440,000",نرخ تمدید پس از تخفیف سال اول,NXDOMAIN
bartan.clothing,.clothing,آزاد (قابل خرید),"4,536,000","9,341,000",نرخ تمدید پس از تخفیف سال اول,NXDOMAIN
bartan.cloud,.cloud,آزاد (قابل خرید),"824,000","7,328,000",نرخ تمدید پس از تخفیف سال اول,NXDOMAIN
bartan.club,.club,آزاد (قابل خرید),"5,444,000","5,444,000",مشابه نرخ ثبت (فاقد تخفیف سال اول),NXDOMAIN
bartan.co,.co,آزاد (قابل خرید),"5,413,000","5,413,000",مشابه نرخ ثبت (فاقد تخفیف سال اول),NXDOMAIN
bartan.co.com,.co.com,آزاد (قابل خرید),"6,936,000","6,936,000",مشابه نرخ ثبت (فاقد تخفیف سال اول),RDAP 404
bartan.co.ir,.co.ir,آزاد (قابل خرید),"99,000","99,000",مشابه نرخ ثبت (فاقد تخفیف سال اول),NXDOMAIN
bartan.co.no,.co.no,آزاد (قابل خرید),"6,596,000","6,596,000",مشابه نرخ ثبت (فاقد تخفیف سال اول),NXDOMAIN
bartan.coach,.coach,آزاد (قابل خرید),"4,536,000","21,065,000",نرخ تمدید پس از تخفیف سال اول,NXDOMAIN
bartan.codes,.codes,آزاد (قابل خرید),"1,832,000","20,327,000",نرخ تمدید پس از تخفیف سال اول,NXDOMAIN
bartan.coffee,.coffee,آزاد (قابل خرید),"4,536,000","12,308,000",نرخ تمدید پس از تخفیف سال اول,NXDOMAIN
bartan.college,.college,آزاد (قابل خرید),"6,717,000","18,294,000",نرخ تمدید پس از تخفیف سال اول,NXDOMAIN
bartan.cologne,.cologne,آزاد (قابل خرید),"10,376,000","10,376,000",مشابه نرخ ثبت (فاقد تخفیف سال اول),NXDOMAIN
bartan.com.co,.com.co,آزاد (قابل خرید),"5,413,000","5,413,000",مشابه نرخ ثبت (فاقد تخفیف سال اول),NXDOMAIN
bartan.community,.community,آزاد (قابل خرید),"3,344,000","13,157,000",نرخ تمدید پس از تخفیف سال اول,NXDOMAIN
bartan.company,.company,آزاد (قابل خرید),"992,000","5,689,000",نرخ تمدید پس از تخفیف سال اول,NXDOMAIN
bartan.compare,.compare,آزاد (قابل خرید),"9,072,000","9,072,000",مشابه نرخ ثبت (فاقد تخفیف سال اول),NXDOMAIN
bartan.computer,.computer,آزاد (قابل خرید),"7,644,000","11,165,000",نرخ تمدید پس از تخفیف سال اول,NXDOMAIN
bartan.condos,.condos,آزاد (قابل خرید),"16,118,000","16,118,000",مشابه نرخ ثبت (فاقد تخفیف سال اول),NXDOMAIN
bartan.construction,.construction,آزاد (قابل خرید),"3,612,000","11,165,000",نرخ تمدید پس از تخفیف سال اول,NXDOMAIN
bartan.consulting,.consulting,آزاد (قابل خرید),"8,904,000","15,442,000",نرخ تمدید پس از تخفیف سال اول,NXDOMAIN
bartan.contact,.contact,آزاد (قابل خرید),"4,133,000","4,133,000",مشابه نرخ ثبت (فاقد تخفیف سال اول),NXDOMAIN
bartan.contractors,.contractors,آزاد (قابل خرید),"2,268,000","9,928,000",نرخ تمدید پس از تخفیف سال اول,NXDOMAIN
bartan.cooking,.cooking,آزاد (قابل خرید),"9,072,000","9,072,000",مشابه نرخ ثبت (فاقد تخفیف سال اول),NXDOMAIN
bartan.cool,.cool,آزاد (قابل خرید),"2,268,000","13,115,000",نرخ تمدید پس از تخفیف سال اول,NXDOMAIN
bartan.country,.country,آزاد (قابل خرید),"705,197,000","705,197,000",مشابه نرخ ثبت (فاقد تخفیف سال اول),NXDOMAIN
bartan.coupons,.coupons,آزاد (قابل خرید),"992,000","15,558,000",نرخ تمدید پس از تخفیف سال اول,NXDOMAIN
bartan.courses,.courses,آزاد (قابل خرید),"10,887,000","10,887,000",مشابه نرخ ثبت (فاقد تخفیف سال اول),NXDOMAIN
bartan.credit,.credit,آزاد (قابل خرید),"2,672,000","29,144,000",نرخ تمدید پس از تخفیف سال اول,NXDOMAIN
bartan.creditcard,.creditcard,آزاد (قابل خرید),"2,268,000","45,864,000",نرخ تمدید پس از تخفیف سال اول,NXDOMAIN
bartan.cricket,.cricket,آزاد (قابل خرید),"6,929,000","6,929,000",مشابه نرخ ثبت (فاقد تخفیف سال اول),NXDOMAIN
bartan.cruises,.cruises,آزاد (قابل خرید),"3,344,000","16,029,000",نرخ تمدید پس از تخفیف سال اول,NXDOMAIN
bartan.cymru,.cymru,آزاد (قابل خرید),"3,532,000","3,532,000",مشابه نرخ ثبت (فاقد تخفیف سال اول),NXDOMAIN
bartan.cyou,.cyou,آزاد (قابل خرید),"924,000","5,819,000",نرخ تمدید پس از تخفیف سال اول,NXDOMAIN
bartan.dance,.dance,آزاد (قابل خرید),"4,016,000","7,842,000",نرخ تمدید پس از تخفیف سال اول,NXDOMAIN
bartan.date,.date,آزاد (قابل خرید),"2,000,000","2,289,000",نرخ تمدید پس از تخفیف سال اول,NXDOMAIN
bartan.dating,.dating,آزاد (قابل خرید),"5,292,000","18,440,000",نرخ تمدید پس از تخفیف سال اول,NXDOMAIN
bartan.deals,.deals,آزاد (قابل خرید),"1,328,000","11,165,000",نرخ تمدید پس از تخفیف سال اول,NXDOMAIN
bartan.degree,.degree,آزاد (قابل خرید),"3,344,000","14,625,000",نرخ تمدید پس از تخفیف سال اول,NXDOMAIN
bartan.delivery,.delivery,آزاد (قابل خرید),"2,000,000","17,717,000",نرخ تمدید پس از تخفیف سال اول,NXDOMAIN
bartan.democrat,.democrat,آزاد (قابل خرید),"2,268,000","9,173,000",نرخ تمدید پس از تخفیف سال اول,NXDOMAIN
bartan.dental,.dental,آزاد (قابل خرید),"21,672,000","21,672,000",مشابه نرخ ثبت (فاقد تخفیف سال اول),NXDOMAIN
bartan.dentist,.dentist,آزاد (قابل خرید),"18,386,000","18,386,000",مشابه نرخ ثبت (فاقد تخفیف سال اول),NXDOMAIN
bartan.dev,.dev,آزاد (قابل خرید),"4,597,000","4,597,000",مشابه نرخ ثبت (فاقد تخفیف سال اول),NXDOMAIN
bartan.diamonds,.diamonds,آزاد (قابل خرید),"14,959,000","14,959,000",مشابه نرخ ثبت (فاقد تخفیف سال اول),NXDOMAIN
bartan.diet,.diet,آزاد (قابل خرید),"36,087,000","36,087,000",مشابه نرخ ثبت (فاقد تخفیف سال اول),NXDOMAIN
bartan.digital,.digital,آزاد (قابل خرید),"992,000","11,731,000",نرخ تمدید پس از تخفیف سال اول,NXDOMAIN
bartan.direct,.direct,آزاد (قابل خرید),"4,536,000","12,004,000",نرخ تمدید پس از تخفیف سال اول,NXDOMAIN
bartan.directory,.directory,آزاد (قابل خرید),"1,832,000","7,810,000",نرخ تمدید پس از تخفیف سال اول,NXDOMAIN
bartan.discount,.discount,آزاد (قابل خرید),"1,832,000","8,345,000",نرخ تمدید پس از تخفیف سال اول,NXDOMAIN
bartan.doctor,.doctor,آزاد (قابل خرید),"3,344,000","33,106,000",نرخ تمدید پس از تخفیف سال اول,NXDOMAIN
bartan.dog,.dog,آزاد (قابل خرید),"1,328,000","18,440,000",نرخ تمدید پس از تخفیف سال اول,NXDOMAIN
bartan.domains,.domains,آزاد (قابل خرید),"4,536,000","12,151,000",نرخ تمدید پس از تخفیف سال اول,RDAP 404
bartan.download,.download,آزاد (قابل خرید),"2,000,000","2,289,000",نرخ تمدید پس از تخفیف سال اول,NXDOMAIN
bartan.eco,.eco,آزاد (قابل خرید),"20,150,000","20,150,000",مشابه نرخ ثبت (فاقد تخفیف سال اول),NXDOMAIN
bartan.education,.education,آزاد (قابل خرید),"8,904,000","10,222,000",نرخ تمدید پس از تخفیف سال اول,NXDOMAIN
bartan.email,.email,آزاد (قابل خرید),"2,268,000","8,743,000",نرخ تمدید پس از تخفیف سال اول,NXDOMAIN
bartan.energy,.energy,آزاد (قابل خرید),"4,956,000","33,337,000",نرخ تمدید پس از تخفیف سال اول,NXDOMAIN
bartan.engineer,.engineer,آزاد (قابل خرید),"4,016,000","11,165,000",نرخ تمدید پس از تخفیف سال اول,NXDOMAIN
bartan.engineering,.engineering,آزاد (قابل خرید),"2,672,000","18,440,000",نرخ تمدید پس از تخفیف سال اول,NXDOMAIN
bartan.enterprises,.enterprises,آزاد (قابل خرید),"1,328,000","10,096,000",نرخ تمدید پس از تخفیف سال اول,NXDOMAIN
bartan.equipment,.equipment,آزاد (قابل خرید),"4,536,000","8,219,000",نرخ تمدید پس از تخفیف سال اول,NXDOMAIN
bartan.estate,.estate,آزاد (قابل خرید),"3,344,000","11,165,000",نرخ تمدید پس از تخفیف سال اول,NXDOMAIN
bartan.events,.events,آزاد (قابل خرید),"4,016,000","12,874,000",نرخ تمدید پس از تخفیف سال اول,NXDOMAIN
bartan.exchange,.exchange,آزاد (قابل خرید),"2,504,000","11,165,000",نرخ تمدید پس از تخفیف سال اول,NXDOMAIN
bartan.expert,.expert,آزاد (قابل خرید),"2,672,000","17,560,000",نرخ تمدید پس از تخفیف سال اول,NXDOMAIN
bartan.exposed,.exposed,آزاد (قابل خرید),"5,948,000","5,948,000",مشابه نرخ ثبت (فاقد تخفیف سال اول),NXDOMAIN
bartan.express,.express,آزاد (قابل خرید),"3,848,000","11,165,000",نرخ تمدید پس از تخفیف سال اول,NXDOMAIN
bartan.fail,.fail,آزاد (قابل خرید),"3,344,000","10,997,000",نرخ تمدید پس از تخفیف سال اول,NXDOMAIN
bartan.faith,.faith,آزاد (قابل خرید),"4,352,000","4,526,000",نرخ تمدید پس از تخفیف سال اول,NXDOMAIN
bartan.family,.family,آزاد (قابل خرید),"2,268,000","10,746,000",نرخ تمدید پس از تخفیف سال اول,NXDOMAIN
bartan.fan,.fan,آزاد (قابل خرید),"2,672,000","16,973,000",نرخ تمدید پس از تخفیف سال اول,NXDOMAIN
bartan.fans,.fans,آزاد (قابل خرید),"3,065,000","3,065,000",مشابه نرخ ثبت (فاقد تخفیف سال اول),NXDOMAIN
bartan.farm,.farm,آزاد (قابل خرید),"3,176,000","11,165,000",نرخ تمدید پس از تخفیف سال اول,NXDOMAIN
bartan.fashion,.fashion,آزاد (قابل خرید),"9,072,000","9,072,000",مشابه نرخ ثبت (فاقد تخفیف سال اول),NXDOMAIN
bartan.feedback,.feedback,آزاد (قابل خرید),"105,840,000","105,840,000",مشابه نرخ ثبت (فاقد تخفیف سال اول),NXDOMAIN
bartan.finance,.finance,آزاد (قابل خرید),"2,672,000","18,346,000",نرخ تمدید پس از تخفیف سال اول,NXDOMAIN
bartan.financial,.financial,آزاد (قابل خرید),"6,704,000","16,763,000",نرخ تمدید پس از تخفیف سال اول,NXDOMAIN
bartan.fish,.fish,آزاد (قابل خرید),"3,344,000","12,517,000",نرخ تمدید پس از تخفیف سال اول,NXDOMAIN
bartan.fishing,.fishing,آزاد (قابل خرید),"9,072,000","9,072,000",مشابه نرخ ثبت (فاقد تخفیف سال اول),NXDOMAIN
bartan.fit,.fit,آزاد (قابل خرید),"9,072,000","9,072,000",مشابه نرخ ثبت (فاقد تخفیف سال اول),NXDOMAIN
bartan.fitness,.fitness,آزاد (قابل خرید),"2,268,000","12,004,000",نرخ تمدید پس از تخفیف سال اول,NXDOMAIN
bartan.flights,.flights,آزاد (قابل خرید),"13,272,000","16,763,000",نرخ تمدید پس از تخفیف سال اول,NXDOMAIN
bartan.florist,.florist,آزاد (قابل خرید),"3,344,000","9,289,000",نرخ تمدید پس از تخفیف سال اول,NXDOMAIN
bartan.flowers,.flowers,آزاد (قابل خرید),"36,087,000","36,087,000",مشابه نرخ ثبت (فاقد تخفیف سال اول),NXDOMAIN
bartan.fm,.fm,آزاد (قابل خرید),"29,474,000","29,474,000",مشابه نرخ ثبت (فاقد تخفیف سال اول),NXDOMAIN
bartan.football,.football,آزاد (قابل خرید),"4,536,000","7,391,000",نرخ تمدید پس از تخفیف سال اول,RDAP 404
bartan.forsale,.forsale,آزاد (قابل خرید),"4,536,000","10,463,000",نرخ تمدید پس از تخفیف سال اول,NXDOMAIN
bartan.forum,.forum,آزاد (قابل خرید),"669,000","12,580,000",نرخ تمدید پس از تخفیف سال اول,NXDOMAIN
bartan.foundation,.foundation,آزاد (قابل خرید),"5,024,000","7,800,000",نرخ تمدید پس از تخفیف سال اول,NXDOMAIN
bartan.fun,.fun,آزاد (قابل خرید),"656,000","11,322,000",نرخ تمدید پس از تخفیف سال اول,NXDOMAIN
bartan.fund,.fund,آزاد (قابل خرید),"3,612,000","19,814,000",نرخ تمدید پس از تخفیف سال اول,NXDOMAIN
bartan.furniture,.furniture,آزاد (قابل خرید),"8,904,000","29,353,000",نرخ تمدید پس از تخفیف سال اول,NXDOMAIN
bartan.futbol,.futbol,آزاد (قابل خرید),"2,268,000","4,641,000",نرخ تمدید پس از تخفیف سال اول,NXDOMAIN
bartan.fyi,.fyi,آزاد (قابل خرید),"5,323,000","5,323,000",مشابه نرخ ثبت (فاقد تخفیف سال اول),NXDOMAIN
bartan.gallery,.gallery,آزاد (قابل خرید),"7,984,000","7,984,000",مشابه نرخ ثبت (فاقد تخفیف سال اول),NXDOMAIN
bartan.game,.game,آزاد (قابل خرید),"119,751,000","119,751,000",مشابه نرخ ثبت (فاقد تخفیف سال اول),NXDOMAIN
bartan.games,.games,آزاد (قابل خرید),"3,344,000","9,530,000",نرخ تمدید پس از تخفیف سال اول,NXDOMAIN
bartan.garden,.garden,آزاد (قابل خرید),"9,072,000","9,072,000",مشابه نرخ ثبت (فاقد تخفیف سال اول),NXDOMAIN
bartan.gd,.gd,آزاد (قابل خرید),"9,576,000","9,576,000",مشابه نرخ ثبت (فاقد تخفیف سال اول),NXDOMAIN
bartan.gift,.gift,آزاد (قابل خرید),"5,504,000","5,504,000",مشابه نرخ ثبت (فاقد تخفیف سال اول),NXDOMAIN
bartan.gifts,.gifts,آزاد (قابل خرید),"3,344,000","10,463,000",نرخ تمدید پس از تخفیف سال اول,NXDOMAIN
bartan.gives,.gives,آزاد (قابل خرید),"5,024,000","7,800,000",نرخ تمدید پس از تخفیف سال اول,NXDOMAIN
bartan.glass,.glass,آزاد (قابل خرید),"19,344,000","19,344,000",مشابه نرخ ثبت (فاقد تخفیف سال اول),NXDOMAIN
bartan.global,.global,آزاد (قابل خرید),"13,272,000","27,236,000",نرخ تمدید پس از تخفیف سال اول,NXDOMAIN
bartan.gmbh,.gmbh,آزاد (قابل خرید),"12,651,000","12,651,000",مشابه نرخ ثبت (فاقد تخفیف سال اول),NXDOMAIN
bartan.gold,.gold,آزاد (قابل خرید),"2,268,000","29,144,000",نرخ تمدید پس از تخفیف سال اول,NXDOMAIN
bartan.golf,.golf,آزاد (قابل خرید),"1,832,000","18,440,000",نرخ تمدید پس از تخفیف سال اول,NXDOMAIN
bartan.gov.ir,.gov.ir,آزاد (قابل خرید),"99,000","99,000",مشابه نرخ ثبت (فاقد تخفیف سال اول),NXDOMAIN
bartan.graphics,.graphics,آزاد (قابل خرید),"6,421,000","6,421,000",مشابه نرخ ثبت (فاقد تخفیف سال اول),NXDOMAIN
bartan.gratis,.gratis,آزاد (قابل خرید),"6,341,000","6,341,000",مشابه نرخ ثبت (فاقد تخفیف سال اول),NXDOMAIN
bartan.green,.green,آزاد (قابل خرید),"2,672,000","23,043,000",نرخ تمدید پس از تخفیف سال اول,NXDOMAIN
bartan.gripe,.gripe,آزاد (قابل خرید),"2,400,000","2,400,000",مشابه نرخ ثبت (فاقد تخفیف سال اول),NXDOMAIN
bartan.group,.group,آزاد (قابل خرید),"2,504,000","7,391,000",نرخ تمدید پس از تخفیف سال اول,NXDOMAIN
bartan.guide,.guide,آزاد (قابل خرید),"2,504,000","11,584,000",نرخ تمدید پس از تخفیف سال اول,NXDOMAIN
bartan.guitars,.guitars,آزاد (قابل خرید),"36,087,000","36,087,000",مشابه نرخ ثبت (فاقد تخفیف سال اول),NXDOMAIN
bartan.guru,.guru,آزاد (قابل خرید),"992,000","12,151,000",نرخ تمدید پس از تخفیف سال اول,NXDOMAIN
bartan.hair,.hair,آزاد (قابل خرید),"669,000","5,232,000",نرخ تمدید پس از تخفیف سال اول,NXDOMAIN
bartan.hamburg,.hamburg,آزاد (قابل خرید),"15,997,000","15,997,000",مشابه نرخ ثبت (فاقد تخفیف سال اول),NXDOMAIN
bartan.haus,.haus,آزاد (قابل خرید),"4,536,000","9,383,000",نرخ تمدید پس از تخفیف سال اول,NXDOMAIN
bartan.healthcare,.healthcare,آزاد (قابل خرید),"23,688,000","23,688,000",مشابه نرخ ثبت (فاقد تخفیف سال اول),NXDOMAIN
bartan.help,.help,آزاد (قابل خرید),"1,005,000","9,383,000",نرخ تمدید پس از تخفیف سال اول,NXDOMAIN
bartan.hiphop,.hiphop,آزاد (قابل خرید),"8,024,000","8,024,000",مشابه نرخ ثبت (فاقد تخفیف سال اول),NXDOMAIN
bartan.hiv,.hiv,آزاد (قابل خرید),"62,070,000","62,070,000",مشابه نرخ ثبت (فاقد تخفیف سال اول),NXDOMAIN
bartan.hockey,.hockey,آزاد (قابل خرید),"3,344,000","16,763,000",نرخ تمدید پس از تخفیف سال اول,NXDOMAIN
bartan.holdings,.holdings,آزاد (قابل خرید),"17,731,000","17,731,000",مشابه نرخ ثبت (فاقد تخفیف سال اول),NXDOMAIN
bartan.holiday,.holiday,آزاد (قابل خرید),"2,268,000","18,440,000",نرخ تمدید پس از تخفیف سال اول,NXDOMAIN
bartan.homes,.homes,آزاد (قابل خرید),"669,000","5,232,000",نرخ تمدید پس از تخفیف سال اول,NXDOMAIN
bartan.horse,.horse,آزاد (قابل خرید),"9,072,000","9,072,000",مشابه نرخ ثبت (فاقد تخفیف سال اول),NXDOMAIN
bartan.hospital,.hospital,آزاد (قابل خرید),"15,624,000","15,624,000",مشابه نرخ ثبت (فاقد تخفیف سال اول),NXDOMAIN
bartan.host,.host,آزاد (قابل خرید),"28,668,000","28,668,000",مشابه نرخ ثبت (فاقد تخفیف سال اول),NXDOMAIN
bartan.hosting,.hosting,آزاد (قابل خرید),"119,751,000","119,751,000",مشابه نرخ ثبت (فاقد تخفیف سال اول),NXDOMAIN
bartan.house,.house,آزاد (قابل خرید),"6,300,000","12,423,000",نرخ تمدید پس از تخفیف سال اول,NXDOMAIN
bartan.how,.how,آزاد (قابل خرید),"8,064,000","8,064,000",مشابه نرخ ثبت (فاقد تخفیف سال اول),NXDOMAIN
bartan.hu.net,.hu.net,آزاد (قابل خرید),"9,247,000","9,247,000",مشابه نرخ ثبت (فاقد تخفیف سال اول),NXDOMAIN
bartan.icu,.icu,آزاد (قابل خرید),"656,000","5,819,000",نرخ تمدید پس از تخفیف سال اول,NXDOMAIN
bartan.id.ir,.id.ir,آزاد (قابل خرید),"99,000","99,000",مشابه نرخ ثبت (فاقد تخفیف سال اول),NXDOMAIN
bartan.immo,.immo,آزاد (قابل خرید),"3,344,000","10,138,000",نرخ تمدید پس از تخفیف سال اول,NXDOMAIN
bartan.immobilien,.immobilien,آزاد (قابل خرید),"3,344,000","10,463,000",نرخ تمدید پس از تخفیف سال اول,NXDOMAIN
bartan.industries,.industries,آزاد (قابل خرید),"3,948,000","12,874,000",نرخ تمدید پس از تخفیف سال اول,NXDOMAIN
bartan.info,.info,آزاد (قابل خرید),"1,805,000","8,038,000",نرخ تمدید پس از تخفیف سال اول,NXDOMAIN
bartan.ink,.ink,آزاد (قابل خرید),"9,072,000","9,072,000",مشابه نرخ ثبت (فاقد تخفیف سال اول),NXDOMAIN
bartan.institute,.institute,آزاد (قابل خرید),"3,176,000","7,842,000",نرخ تمدید پس از تخفیف سال اول,NXDOMAIN
bartan.insure,.insure,آزاد (قابل خرید),"2,268,000","20,118,000",نرخ تمدید پس از تخفیف سال اول,NXDOMAIN
bartan.international,.international,آزاد (قابل خرید),"3,344,000","8,754,000",نرخ تمدید پس از تخفیف سال اول,NXDOMAIN
bartan.investments,.investments,آزاد (قابل خرید),"3,344,000","36,880,000",نرخ تمدید پس از تخفیف سال اول,NXDOMAIN
bartan.io,.io,آزاد (قابل خرید),"12,063,000","19,132,000",نرخ تمدید پس از تخفیف سال اول,NXDOMAIN
bartan.irish,.irish,آزاد (قابل خرید),"2,268,000","6,238,000",نرخ تمدید پس از تخفیف سال اول,NXDOMAIN
bartan.isla.pr,.isla.pr,آزاد (قابل خرید),"2,803,000","2,803,000",مشابه نرخ ثبت (فاقد تخفیف سال اول),NXDOMAIN
bartan.jetzt,.jetzt,آزاد (قابل خرید),"3,176,000","6,594,000",نرخ تمدید پس از تخفیف سال اول,NXDOMAIN
bartan.jewelry,.jewelry,آزاد (قابل خرید),"4,536,000","18,440,000",نرخ تمدید پس از تخفیف سال اول,NXDOMAIN
bartan.jobs,.jobs,آزاد (قابل خرید),"59,472,000","59,472,000",مشابه نرخ ثبت (فاقد تخفیف سال اول),NXDOMAIN
bartan.jpn.com,.jpn.com,آزاد (قابل خرید),"11,492,000","11,492,000",مشابه نرخ ثبت (فاقد تخفیف سال اول),RDAP 404
bartan.juegos,.juegos,آزاد (قابل خرید),"108,260,000","108,260,000",مشابه نرخ ثبت (فاقد تخفیف سال اول),NXDOMAIN
bartan.kaufen,.kaufen,آزاد (قابل خرید),"2,268,000","8,439,000",نرخ تمدید پس از تخفیف سال اول,NXDOMAIN
bartan.kids,.kids,آزاد (قابل خرید),"6,895,000","6,895,000",مشابه نرخ ثبت (فاقد تخفیف سال اول),NXDOMAIN
bartan.kim,.kim,آزاد (قابل خرید),"3,344,000","6,605,000",نرخ تمدید پس از تخفیف سال اول,NXDOMAIN
bartan.kitchen,.kitchen,آزاد (قابل خرید),"3,344,000","18,346,000",نرخ تمدید پس از تخفیف سال اول,NXDOMAIN
bartan.koeln,.koeln,آزاد (قابل خرید),"10,376,000","10,376,000",مشابه نرخ ثبت (فاقد تخفیف سال اول),NXDOMAIN
bartan.land,.land,آزاد (قابل خرید),"3,612,000","12,004,000",نرخ تمدید پس از تخفیف سال اول,NXDOMAIN
bartan.lawyer,.lawyer,آزاد (قابل خرید),"18,538,000","18,538,000",مشابه نرخ ثبت (فاقد تخفیف سال اول),NXDOMAIN
bartan.lc,.lc,آزاد (قابل خرید),"6,243,000","6,243,000",مشابه نرخ ثبت (فاقد تخفیف سال اول),NXDOMAIN
bartan.lease,.lease,آزاد (قابل خرید),"3,344,000","15,715,000",نرخ تمدید پس از تخفیف سال اول,NXDOMAIN
bartan.legal,.legal,آزاد (قابل خرید),"2,268,000","20,327,000",نرخ تمدید پس از تخفیف سال اول,NXDOMAIN
bartan.li,.li,آزاد (قابل خرید),"2,420,000","2,420,000",مشابه نرخ ثبت (فاقد تخفیف سال اول),NXDOMAIN
bartan.life,.life,آزاد (قابل خرید),"992,000","10,463,000",نرخ تمدید پس از تخفیف سال اول,NXDOMAIN
bartan.lighting,.lighting,آزاد (قابل خرید),"3,344,000","6,678,000",نرخ تمدید پس از تخفیف سال اول,NXDOMAIN
bartan.limited,.limited,آزاد (قابل خرید),"3,344,000","10,463,000",نرخ تمدید پس از تخفیف سال اول,NXDOMAIN
bartan.limo,.limo,آزاد (قابل خرید),"4,536,000","15,442,000",نرخ تمدید پس از تخفیف سال اول,NXDOMAIN
bartan.link,.link,آزاد (قابل خرید),"2,527,000","2,527,000",مشابه نرخ ثبت (فاقد تخفیف سال اول),NXDOMAIN
bartan.live,.live,آزاد (قابل خرید),"992,000","9,215,000",نرخ تمدید پس از تخفیف سال اول,NXDOMAIN
bartan.llc,.llc,آزاد (قابل خرید),"4,536,000","13,052,000",نرخ تمدید پس از تخفیف سال اول,NXDOMAIN
bartan.loan,.loan,آزاد (قابل خرید),"2,000,000","2,289,000",نرخ تمدید پس از تخفیف سال اول,NXDOMAIN
bartan.loans,.loans,آزاد (قابل خرید),"4,536,000","33,106,000",نرخ تمدید پس از تخفیف سال اول,NXDOMAIN
bartan.lol,.lol,آزاد (قابل خرید),"669,000","9,414,000",نرخ تمدید پس از تخفیف سال اول,NXDOMAIN
bartan.london,.london,آزاد (قابل خرید),"10,349,000","10,349,000",مشابه نرخ ثبت (فاقد تخفیف سال اول),NXDOMAIN
bartan.love,.love,آزاد (قابل خرید),"3,021,000","8,073,000",نرخ تمدید پس از تخفیف سال اول,NXDOMAIN
bartan.ltd,.ltd,آزاد (قابل خرید),"2,268,000","8,743,000",نرخ تمدید پس از تخفیف سال اول,NXDOMAIN
bartan.ltda,.ltda,آزاد (قابل خرید),"9,711,000","9,711,000",مشابه نرخ ثبت (فاقد تخفیف سال اول),NXDOMAIN
bartan.luxe,.luxe,آزاد (قابل خرید),"5,746,000","5,746,000",مشابه نرخ ثبت (فاقد تخفیف سال اول),NXDOMAIN
bartan.maison,.maison,آزاد (قابل خرید),"5,628,000","16,092,000",نرخ تمدید پس از تخفیف سال اول,NXDOMAIN
bartan.makeup,.makeup,آزاد (قابل خرید),"669,000","5,232,000",نرخ تمدید پس از تخفیف سال اول,NXDOMAIN
bartan.management,.management,آزاد (قابل خرید),"3,344,000","7,486,000",نرخ تمدید پس از تخفیف سال اول,NXDOMAIN
bartan.market,.market,آزاد (قابل خرید),"12,036,000","12,036,000",مشابه نرخ ثبت (فاقد تخفیف سال اول),NXDOMAIN
bartan.marketing,.marketing,آزاد (قابل خرید),"2,268,000","11,689,000",نرخ تمدید پس از تخفیف سال اول,NXDOMAIN
bartan.mba,.mba,آزاد (قابل خرید),"4,536,000","11,165,000",نرخ تمدید پس از تخفیف سال اول,NXDOMAIN
bartan.me,.me,آزاد (قابل خرید),"2,920,000","6,063,000",نرخ تمدید پس از تخفیف سال اول,NXDOMAIN
bartan.media,.media,آزاد (قابل خرید),"1,832,000","12,874,000",نرخ تمدید پس از تخفیف سال اول,NXDOMAIN
bartan.memorial,.memorial,آزاد (قابل خرید),"13,961,000","13,961,000",مشابه نرخ ثبت (فاقد تخفیف سال اول),NXDOMAIN
bartan.men,.men,آزاد (قابل خرید),"2,000,000","2,289,000",نرخ تمدید پس از تخفیف سال اول,NXDOMAIN
bartan.mex.com,.mex.com,آزاد (قابل خرید),"4,355,000","4,355,000",مشابه نرخ ثبت (فاقد تخفیف سال اول),NXDOMAIN
bartan.miami,.miami,آزاد (قابل خرید),"6,532,000","6,532,000",مشابه نرخ ثبت (فاقد تخفیف سال اول),NXDOMAIN
bartan.mobi,.mobi,آزاد (قابل خرید),"1,647,000","15,306,000",نرخ تمدید پس از تخفیف سال اول,NXDOMAIN
bartan.moda,.moda,آزاد (قابل خرید),"4,536,000","11,522,000",نرخ تمدید پس از تخفیف سال اول,NXDOMAIN
bartan.mom,.mom,آزاد (قابل خرید),"669,000","9,016,000",نرخ تمدید پس از تخفیف سال اول,NXDOMAIN
bartan.money,.money,آزاد (قابل خرید),"4,536,000","10,096,000",نرخ تمدید پس از تخفیف سال اول,NXDOMAIN
bartan.monster,.monster,آزاد (قابل خرید),"669,000","5,232,000",نرخ تمدید پس از تخفیف سال اول,NXDOMAIN
bartan.mortgage,.mortgage,آزاد (قابل خرید),"3,344,000","17,717,000",نرخ تمدید پس از تخفیف سال اول,NXDOMAIN
bartan.motorcycles,.motorcycles,آزاد (قابل خرید),"669,000","5,232,000",نرخ تمدید پس از تخفیف سال اول,NXDOMAIN
bartan.movie,.movie,آزاد (قابل خرید),"15,759,000","98,333,000",نرخ تمدید پس از تخفیف سال اول,NXDOMAIN
bartan.name,.name,آزاد (قابل خرید),"2,312,000","2,312,000",مشابه نرخ ثبت (فاقد تخفیف سال اول),NXDOMAIN
bartan.name.pr,.name.pr,آزاد (قابل خرید),"38,304,000","38,304,000",مشابه نرخ ثبت (فاقد تخفیف سال اول),NXDOMAIN
bartan.navy,.navy,آزاد (قابل خرید),"12,832,000","12,832,000",مشابه نرخ ثبت (فاقد تخفیف سال اول),NXDOMAIN
bartan.net.ai,.net.ai,آزاد (قابل خرید),"34,192,000","34,192,000",مشابه نرخ ثبت (فاقد تخفیف سال اول),NXDOMAIN
bartan.net.co,.net.co,آزاد (قابل خرید),"5,413,000","5,413,000",مشابه نرخ ثبت (فاقد تخفیف سال اول),NXDOMAIN
bartan.net.ir,.net.ir,آزاد (قابل خرید),"99,000","99,000",مشابه نرخ ثبت (فاقد تخفیف سال اول),NXDOMAIN
bartan.network,.network,آزاد (قابل خرید),"1,832,000","10,222,000",نرخ تمدید پس از تخفیف سال اول,NXDOMAIN
bartan.news,.news,آزاد (قابل خرید),"4,016,000","9,215,000",نرخ تمدید پس از تخفیف سال اول,NXDOMAIN
bartan.ninja,.ninja,آزاد (قابل خرید),"2,268,000","8,754,000",نرخ تمدید پس از تخفیف سال اول,NXDOMAIN
bartan.nrw,.nrw,آزاد (قابل خرید),"13,461,000","13,461,000",مشابه نرخ ثبت (فاقد تخفیف سال اول),NXDOMAIN
bartan.observer,.observer,آزاد (قابل خرید),"3,176,000","3,176,000",مشابه نرخ ثبت (فاقد تخفیف سال اول),NXDOMAIN
bartan.one,.one,آزاد (قابل خرید),"7,046,000","7,046,000",مشابه نرخ ثبت (فاقد تخفیف سال اول),NXDOMAIN
bartan.ooo,.ooo,آزاد (قابل خرید),"7,658,000","7,658,000",مشابه نرخ ثبت (فاقد تخفیف سال اول),NXDOMAIN
bartan.or.at,.or.at,آزاد (قابل خرید),"3,481,000","3,481,000",مشابه نرخ ثبت (فاقد تخفیف سال اول),NXDOMAIN
bartan.org.ir,.org.ir,آزاد (قابل خرید),"99,000","99,000",مشابه نرخ ثبت (فاقد تخفیف سال اول),NXDOMAIN
bartan.organic,.organic,آزاد (قابل خرید),"4,536,000","24,510,000",نرخ تمدید پس از تخفیف سال اول,NXDOMAIN
bartan.page,.page,آزاد (قابل خرید),"3,831,000","3,831,000",مشابه نرخ ثبت (فاقد تخفیف سال اول),NXDOMAIN
bartan.partners,.partners,آزاد (قابل خرید),"3,176,000","20,118,000",نرخ تمدید پس از تخفیف سال اول,NXDOMAIN
bartan.parts,.parts,آزاد (قابل خرید),"3,612,000","12,004,000",نرخ تمدید پس از تخفیف سال اول,NXDOMAIN
bartan.party,.party,آزاد (قابل خرید),"2,000,000","2,289,000",نرخ تمدید پس از تخفیف سال اول,NXDOMAIN
bartan.pet,.pet,آزاد (قابل خرید),"4,536,000","7,339,000",نرخ تمدید پس از تخفیف سال اول,NXDOMAIN
bartan.ph,.ph,آزاد (قابل خرید),"15,322,000","15,322,000",مشابه نرخ ثبت (فاقد تخفیف سال اول),RDAP 404
bartan.photo,.photo,آزاد (قابل خرید),"9,072,000","9,072,000",مشابه نرخ ثبت (فاقد تخفیف سال اول),NXDOMAIN
bartan.photography,.photography,آزاد (قابل خرید),"2,268,000","10,400,000",نرخ تمدید پس از تخفیف سال اول,NXDOMAIN
bartan.photos,.photos,آزاد (قابل خرید),"3,344,000","8,586,000",نرخ تمدید پس از تخفیف سال اول,NXDOMAIN
bartan.pics,.pics,آزاد (قابل خرید),"669,000","9,414,000",نرخ تمدید پس از تخفیف سال اول,NXDOMAIN
bartan.pictures,.pictures,آزاد (قابل خرید),"3,344,000","4,550,000",نرخ تمدید پس از تخفیف سال اول,NXDOMAIN
bartan.pink,.pink,آزاد (قابل خرید),"3,344,000","7,213,000",نرخ تمدید پس از تخفیف سال اول,NXDOMAIN
bartan.pizza,.pizza,آزاد (قابل خرید),"4,536,000","18,440,000",نرخ تمدید پس از تخفیف سال اول,NXDOMAIN
bartan.place,.place,آزاد (قابل خرید),"5,998,000","5,998,000",مشابه نرخ ثبت (فاقد تخفیف سال اول),NXDOMAIN
bartan.plumbing,.plumbing,آزاد (قابل خرید),"3,344,000","20,118,000",نرخ تمدید پس از تخفیف سال اول,NXDOMAIN
bartan.plus,.plus,آزاد (قابل خرید),"4,016,000","15,442,000",نرخ تمدید پس از تخفیف سال اول,NXDOMAIN
bartan.poker,.poker,آزاد (قابل خرید),"3,344,000","20,715,000",نرخ تمدید پس از تخفیف سال اول,NXDOMAIN
bartan.press,.press,آزاد (قابل خرید),"22,499,000","22,499,000",مشابه نرخ ثبت (فاقد تخفیف سال اول),NXDOMAIN
bartan.pro,.pro,آزاد (قابل خرید),"1,160,000","8,038,000",نرخ تمدید پس از تخفیف سال اول,NXDOMAIN
bartan.productions,.productions,آزاد (قابل خرید),"3,344,000","11,689,000",نرخ تمدید پس از تخفیف سال اول,NXDOMAIN
bartan.promo,.promo,آزاد (قابل خرید),"4,536,000","7,024,000",نرخ تمدید پس از تخفیف سال اول,NXDOMAIN
bartan.properties,.properties,آزاد (قابل خرید),"2,504,000","11,165,000",نرخ تمدید پس از تخفیف سال اول,NXDOMAIN
bartan.property,.property,آزاد (قابل خرید),"20,157,000","37,530,000",نرخ تمدید پس از تخفیف سال اول,NXDOMAIN
bartan.protection,.protection,آزاد (قابل خرید),"693,504,000","693,504,000",مشابه نرخ ثبت (فاقد تخفیف سال اول),NXDOMAIN
bartan.pub,.pub,آزاد (قابل خرید),"11,240,000","11,240,000",مشابه نرخ ثبت (فاقد تخفیف سال اول),NXDOMAIN
bartan.qpon,.qpon,آزاد (قابل خرید),"992,000","3,726,000",نرخ تمدید پس از تخفیف سال اول,NXDOMAIN
bartan.quest,.quest,آزاد (قابل خرید),"669,000","5,232,000",نرخ تمدید پس از تخفیف سال اول,NXDOMAIN
bartan.racing,.racing,آزاد (قابل خرید),"4,352,000","4,526,000",نرخ تمدید پس از تخفیف سال اول,NXDOMAIN
bartan.realty,.realty,آزاد (قابل خرید),"33,597,000","102,736,000",نرخ تمدید پس از تخفیف سال اول,NXDOMAIN
bartan.recipes,.recipes,آزاد (قابل خرید),"2,672,000","21,065,000",نرخ تمدید پس از تخفیف سال اول,NXDOMAIN
bartan.red,.red,آزاد (قابل خرید),"3,344,000","6,657,000",نرخ تمدید پس از تخفیف سال اول,NXDOMAIN
bartan.rehab,.rehab,آزاد (قابل خرید),"3,344,000","10,264,000",نرخ تمدید پس از تخفیف سال اول,NXDOMAIN
bartan.reise,.reise,آزاد (قابل خرید),"25,785,000","25,785,000",مشابه نرخ ثبت (فاقد تخفیف سال اول),NXDOMAIN
bartan.reisen,.reisen,آزاد (قابل خرید),"5,565,000","5,565,000",مشابه نرخ ثبت (فاقد تخفیف سال اول),NXDOMAIN
bartan.rent,.rent,آزاد (قابل خرید),"6,717,000","18,294,000",نرخ تمدید پس از تخفیف سال اول,NXDOMAIN
bartan.rentals,.rentals,آزاد (قابل خرید),"2,672,000","12,109,000",نرخ تمدید پس از تخفیف سال اول,NXDOMAIN
bartan.repair,.repair,آزاد (قابل خرید),"3,176,000","10,264,000",نرخ تمدید پس از تخفیف سال اول,NXDOMAIN
bartan.report,.report,آزاد (قابل خرید),"2,672,000","7,024,000",نرخ تمدید پس از تخفیف سال اول,NXDOMAIN
bartan.republican,.republican,آزاد (قابل خرید),"2,268,000","9,173,000",نرخ تمدید پس از تخفیف سال اول,NXDOMAIN
bartan.rest,.rest,آزاد (قابل خرید),"669,000","9,016,000",نرخ تمدید پس از تخفیف سال اول,NXDOMAIN
bartan.restaurant,.restaurant,آزاد (قابل خرید),"5,292,000","18,440,000",نرخ تمدید پس از تخفیف سال اول,NXDOMAIN
bartan.review,.review,آزاد (قابل خرید),"4,352,000","4,526,000",نرخ تمدید پس از تخفیف سال اول,NXDOMAIN
bartan.reviews,.reviews,آزاد (قابل خرید),"1,832,000","17,717,000",نرخ تمدید پس از تخفیف سال اول,NXDOMAIN
bartan.rip,.rip,آزاد (قابل خرید),"1,832,000","6,657,000",نرخ تمدید پس از تخفیف سال اول,NXDOMAIN
bartan.rocks,.rocks,آزاد (قابل خرید),"1,328,000","6,186,000",نرخ تمدید پس از تخفیف سال اول,NXDOMAIN
bartan.rodeo,.rodeo,آزاد (قابل خرید),"3,629,000","3,629,000",مشابه نرخ ثبت (فاقد تخفیف سال اول),NXDOMAIN
bartan.ruhr,.ruhr,آزاد (قابل خرید),"8,041,000","8,041,000",مشابه نرخ ثبت (فاقد تخفیف سال اول),NXDOMAIN
bartan.run,.run,آزاد (قابل خرید),"1,647,000","7,810,000",نرخ تمدید پس از تخفیف سال اول,NXDOMAIN
bartan.saarland,.saarland,آزاد (قابل خرید),"7,994,000","7,994,000",مشابه نرخ ثبت (فاقد تخفیف سال اول),NXDOMAIN
bartan.sale,.sale,آزاد (قابل خرید),"1,328,000","11,165,000",نرخ تمدید پس از تخفیف سال اول,NXDOMAIN
bartan.salon,.salon,آزاد (قابل خرید),"4,536,000","16,249,000",نرخ تمدید پس از تخفیف سال اول,NXDOMAIN
bartan.sarl,.sarl,آزاد (قابل خرید),"2,400,000","2,400,000",مشابه نرخ ثبت (فاقد تخفیف سال اول),NXDOMAIN
bartan.sc,.sc,آزاد (قابل خرید),"30,039,000","30,039,000",مشابه نرخ ثبت (فاقد تخفیف سال اول),NXDOMAIN
bartan.sch.ir,.sch.ir,آزاد (قابل خرید),"99,000","99,000",مشابه نرخ ثبت (فاقد تخفیف سال اول),NXDOMAIN
bartan.school,.school,آزاد (قابل خرید),"2,268,000","10,264,000",نرخ تمدید پس از تخفیف سال اول,NXDOMAIN
bartan.schule,.schule,آزاد (قابل خرید),"4,536,000","7,786,000",نرخ تمدید پس از تخفیف سال اول,NXDOMAIN
bartan.science,.science,آزاد (قابل خرید),"4,352,000","4,526,000",نرخ تمدید پس از تخفیف سال اول,NXDOMAIN
bartan.security,.security,آزاد (قابل خرید),"693,504,000","693,504,000",مشابه نرخ ثبت (فاقد تخفیف سال اول),NXDOMAIN
bartan.select,.select,آزاد (قابل خرید),"9,072,000","9,072,000",مشابه نرخ ثبت (فاقد تخفیف سال اول),NXDOMAIN
bartan.services,.services,آزاد (قابل خرید),"3,612,000","11,165,000",نرخ تمدید پس از تخفیف سال اول,NXDOMAIN
bartan.shiksha,.shiksha,آزاد (قابل خرید),"4,536,000","14,457,000",نرخ تمدید پس از تخفیف سال اول,NXDOMAIN
bartan.shoes,.shoes,آزاد (قابل خرید),"8,904,000","18,440,000",نرخ تمدید پس از تخفیف سال اول,NXDOMAIN
bartan.shopping,.shopping,آزاد (قابل خرید),"3,344,000","8,488,000",نرخ تمدید پس از تخفیف سال اول,NXDOMAIN
bartan.show,.show,آزاد (قابل خرید),"3,344,000","12,517,000",نرخ تمدید پس از تخفیف سال اول,NXDOMAIN
bartan.singles,.singles,آزاد (قابل خرید),"2,940,000","9,530,000",نرخ تمدید پس از تخفیف سال اول,NXDOMAIN
bartan.site,.site,آزاد (قابل خرید),"918,000","10,379,000",نرخ تمدید پس از تخفیف سال اول,NXDOMAIN
bartan.ski,.ski,آزاد (قابل خرید),"8,904,000","18,856,000",نرخ تمدید پس از تخفیف سال اول,NXDOMAIN
bartan.skin,.skin,آزاد (قابل خرید),"669,000","5,232,000",نرخ تمدید پس از تخفیف سال اول,NXDOMAIN
bartan.soccer,.soccer,آزاد (قابل خرید),"4,536,000","7,391,000",نرخ تمدید پس از تخفیف سال اول,NXDOMAIN
bartan.social,.social,آزاد (قابل خرید),"2,672,000","12,004,000",نرخ تمدید پس از تخفیف سال اول,NXDOMAIN
bartan.software,.software,آزاد (قابل خرید),"6,704,000","12,004,000",نرخ تمدید پس از تخفیف سال اول,NXDOMAIN
bartan.solar,.solar,آزاد (قابل خرید),"2,268,000","18,440,000",نرخ تمدید پس از تخفیف سال اول,NXDOMAIN
bartan.solutions,.solutions,آزاد (قابل خرید),"1,328,000","8,754,000",نرخ تمدید پس از تخفیف سال اول,NXDOMAIN
bartan.soy,.soy,آزاد (قابل خرید),"7,258,000","7,258,000",مشابه نرخ ثبت (فاقد تخفیف سال اول),NXDOMAIN
bartan.space,.space,آزاد (قابل خرید),"656,000","9,435,000",نرخ تمدید پس از تخفیف سال اول,NXDOMAIN
bartan.srl,.srl,آزاد (قابل خرید),"9,015,000","9,015,000",مشابه نرخ ثبت (فاقد تخفیف سال اول),NXDOMAIN
bartan.storage,.storage,آزاد (قابل خرید),"191,520,000","191,520,000",مشابه نرخ ثبت (فاقد تخفیف سال اول),NXDOMAIN
bartan.stream,.stream,آزاد (قابل خرید),"2,000,000","2,289,000",نرخ تمدید پس از تخفیف سال اول,NXDOMAIN
bartan.studio,.studio,آزاد (قابل خرید),"4,956,000","11,448,000",نرخ تمدید پس از تخفیف سال اول,NXDOMAIN
bartan.study,.study,آزاد (قابل خرید),"10,887,000","10,887,000",مشابه نرخ ثبت (فاقد تخفیف سال اول),NXDOMAIN
bartan.style,.style,آزاد (قابل خرید),"2,940,000","11,165,000",نرخ تمدید پس از تخفیف سال اول,NXDOMAIN
bartan.supplies,.supplies,آزاد (قابل خرید),"6,754,000","6,754,000",مشابه نرخ ثبت (فاقد تخفیف سال اول),NXDOMAIN
bartan.supply,.supply,آزاد (قابل خرید),"7,107,000","7,107,000",مشابه نرخ ثبت (فاقد تخفیف سال اول),NXDOMAIN
bartan.support,.support,آزاد (قابل خرید),"2,672,000","7,842,000",نرخ تمدید پس از تخفیف سال اول,NXDOMAIN
bartan.surf,.surf,آزاد (قابل خرید),"9,072,000","9,072,000",مشابه نرخ ثبت (فاقد تخفیف سال اول),NXDOMAIN
bartan.surgery,.surgery,آزاد (قابل خرید),"14,848,000","14,848,000",مشابه نرخ ثبت (فاقد تخفیف سال اول),NXDOMAIN
bartan.systems,.systems,آزاد (قابل خرید),"4,956,000","10,001,000",نرخ تمدید پس از تخفیف سال اول,NXDOMAIN
bartan.tattoo,.tattoo,آزاد (قابل خرید),"10,826,000","10,826,000",مشابه نرخ ثبت (فاقد تخفیف سال اول),NXDOMAIN
bartan.tax,.tax,آزاد (قابل خرید),"3,344,000","19,069,000",نرخ تمدید پس از تخفیف سال اول,NXDOMAIN
bartan.taxi,.taxi,آزاد (قابل خرید),"2,504,000","17,717,000",نرخ تمدید پس از تخفیف سال اول,NXDOMAIN
bartan.team,.team,آزاد (قابل خرید),"1,832,000","10,463,000",نرخ تمدید پس از تخفیف سال اول,NXDOMAIN
bartan.tech,.tech,آزاد (قابل خرید),"1,328,000","18,493,000",نرخ تمدید پس از تخفیف سال اول,NXDOMAIN
bartan.technology,.technology,آزاد (قابل خرید),"4,016,000","8,073,000",نرخ تمدید پس از تخفیف سال اول,NXDOMAIN
bartan.tel,.tel,آزاد (قابل خرید),"3,122,000","3,122,000",مشابه نرخ ثبت (فاقد تخفیف سال اول),NXDOMAIN
bartan.tennis,.tennis,آزاد (قابل خرید),"17,640,000","17,640,000",مشابه نرخ ثبت (فاقد تخفیف سال اول),NXDOMAIN
bartan.theater,.theater,آزاد (قابل خرید),"4,536,000","18,440,000",نرخ تمدید پس از تخفیف سال اول,NXDOMAIN
bartan.theatre,.theatre,آزاد (قابل خرید),"173,376,000","173,376,000",مشابه نرخ ثبت (فاقد تخفیف سال اول),NXDOMAIN
bartan.tickets,.tickets,آزاد (قابل خرید),"136,080,000","136,080,000",مشابه نرخ ثبت (فاقد تخفیف سال اول),NXDOMAIN
bartan.tienda,.tienda,آزاد (قابل خرید),"2,268,000","16,763,000",نرخ تمدید پس از تخفیف سال اول,NXDOMAIN
bartan.tips,.tips,آزاد (قابل خرید),"3,344,000","8,754,000",نرخ تمدید پس از تخفیف سال اول,NXDOMAIN
bartan.tires,.tires,آزاد (قابل خرید),"3,344,000","25,684,000",نرخ تمدید پس از تخفیف سال اول,NXDOMAIN
bartan.today,.today,آزاد (قابل خرید),"992,000","8,335,000",نرخ تمدید پس از تخفیف سال اول,NXDOMAIN
bartan.tools,.tools,آزاد (قابل خرید),"4,016,000","10,463,000",نرخ تمدید پس از تخفیف سال اول,NXDOMAIN
bartan.top,.top,آزاد (قابل خرید),"869,000","1,437,000",نرخ تمدید پس از تخفیف سال اول,NXDOMAIN
bartan.tours,.tours,آزاد (قابل خرید),"2,268,000","17,717,000",نرخ تمدید پس از تخفیف سال اول,NXDOMAIN
bartan.town,.town,آزاد (قابل خرید),"2,268,000","10,463,000",نرخ تمدید پس از تخفیف سال اول,NXDOMAIN
bartan.toys,.toys,آزاد (قابل خرید),"4,536,000","18,346,000",نرخ تمدید پس از تخفیف سال اول,NXDOMAIN
bartan.trade,.trade,آزاد (قابل خرید),"2,000,000","2,289,000",نرخ تمدید پس از تخفیف سال اول,NXDOMAIN
bartan.training,.training,آزاد (قابل خرید),"4,956,000","12,004,000",نرخ تمدید پس از تخفیف سال اول,NXDOMAIN
bartan.travel,.travel,آزاد (قابل خرید),"6,704,000","45,917,000",نرخ تمدید پس از تخفیف سال اول,NXDOMAIN
bartan.tube,.tube,آزاد (قابل خرید),"7,661,000","7,661,000",مشابه نرخ ثبت (فاقد تخفیف سال اول),NXDOMAIN
bartan.tv,.tv,آزاد (قابل خرید),"8,669,000","8,669,000",مشابه نرخ ثبت (فاقد تخفیف سال اول),NXDOMAIN
bartan.university,.university,آزاد (قابل خرید),"4,536,000","17,717,000",نرخ تمدید پس از تخفیف سال اول,NXDOMAIN
bartan.uno,.uno,آزاد (قابل خرید),"7,258,000","7,258,000",مشابه نرخ ثبت (فاقد تخفیف سال اول),NXDOMAIN
bartan.vacations,.vacations,آزاد (قابل خرید),"2,268,000","11,165,000",نرخ تمدید پس از تخفیف سال اول,NXDOMAIN
bartan.ventures,.ventures,آزاد (قابل خرید),"2,268,000","16,763,000",نرخ تمدید پس از تخفیف سال اول,NXDOMAIN
bartan.vet,.vet,آزاد (قابل خرید),"11,280,000","11,280,000",مشابه نرخ ثبت (فاقد تخفیف سال اول),NXDOMAIN
bartan.viajes,.viajes,آزاد (قابل خرید),"12,207,000","12,207,000",مشابه نرخ ثبت (فاقد تخفیف سال اول),NXDOMAIN
bartan.video,.video,آزاد (قابل خرید),"3,344,000","10,264,000",نرخ تمدید پس از تخفیف سال اول,NXDOMAIN
bartan.villas,.villas,آزاد (قابل خرید),"4,536,000","16,173,000",نرخ تمدید پس از تخفیف سال اول,NXDOMAIN
bartan.vin,.vin,آزاد (قابل خرید),"2,672,000","16,763,000",نرخ تمدید پس از تخفیف سال اول,NXDOMAIN
bartan.vip,.vip,آزاد (قابل خرید),"5,444,000","5,444,000",مشابه نرخ ثبت (فاقد تخفیف سال اول),NXDOMAIN
bartan.vision,.vision,آزاد (قابل خرید),"2,268,000","13,115,000",نرخ تمدید پس از تخفیف سال اول,NXDOMAIN
bartan.vote,.vote,آزاد (قابل خرید),"11,004,000","27,865,000",نرخ تمدید پس از تخفیف سال اول,NXDOMAIN
bartan.voto,.voto,آزاد (قابل خرید),"4,536,000","21,512,000",نرخ تمدید پس از تخفیف سال اول,NXDOMAIN
bartan.voyage,.voyage,آزاد (قابل خرید),"2,268,000","16,553,000",نرخ تمدید پس از تخفیف سال اول,NXDOMAIN
bartan.wales,.wales,آزاد (قابل خرید),"3,532,000","3,532,000",مشابه نرخ ثبت (فاقد تخفیف سال اول),NXDOMAIN
bartan.watch,.watch,آزاد (قابل خرید),"1,160,000","12,517,000",نرخ تمدید پس از تخفیف سال اول,NXDOMAIN
bartan.webcam,.webcam,آزاد (قابل خرید),"4,352,000","4,526,000",نرخ تمدید پس از تخفیف سال اول,NXDOMAIN
bartan.website,.website,آزاد (قابل خرید),"656,000","7,548,000",نرخ تمدید پس از تخفیف سال اول,NXDOMAIN
bartan.wedding,.wedding,آزاد (قابل خرید),"9,072,000","9,072,000",مشابه نرخ ثبت (فاقد تخفیف سال اول),NXDOMAIN
bartan.wien,.wien,آزاد (قابل خرید),"13,461,000","13,461,000",مشابه نرخ ثبت (فاقد تخفیف سال اول),NXDOMAIN
bartan.wiki,.wiki,آزاد (قابل خرید),"9,072,000","9,072,000",مشابه نرخ ثبت (فاقد تخفیف سال اول),NXDOMAIN
bartan.win,.win,آزاد (قابل خرید),"2,000,000","2,289,000",نرخ تمدید پس از تخفیف سال اول,NXDOMAIN
bartan.work,.work,آزاد (قابل خرید),"3,629,000","3,629,000",مشابه نرخ ثبت (فاقد تخفیف سال اول),NXDOMAIN
bartan.works,.works,آزاد (قابل خرید),"1,832,000","11,165,000",نرخ تمدید پس از تخفیف سال اول,NXDOMAIN
bartan.world,.world,آزاد (قابل خرید),"992,000","11,584,000",نرخ تمدید پس از تخفیف سال اول,NXDOMAIN
bartan.ws,.ws,آزاد (قابل خرید),"8,649,000","8,649,000",مشابه نرخ ثبت (فاقد تخفیف سال اول),RDAP 404
bartan.wtf,.wtf,آزاد (قابل خرید),"992,000","10,463,000",نرخ تمدید پس از تخفیف سال اول,NXDOMAIN
bartan.yachts,.yachts,آزاد (قابل خرید),"669,000","5,232,000",نرخ تمدید پس از تخفیف سال اول,NXDOMAIN
bartan.yoga,.yoga,آزاد (قابل خرید),"9,072,000","9,072,000",مشابه نرخ ثبت (فاقد تخفیف سال اول),NXDOMAIN
bartan.zone,.zone,آزاد (قابل خرید),"3,344,000","11,165,000",نرخ تمدید پس از تخفیف سال اول,NXDOMAIN
